# Name,   Type, SubType, Offset,   Size,     Flags
# 16 МБ флеша, два слота приложения по 4 МБ — LVGL со шрифтами и TLS растёт
# заметно быстрее, чем прошивка реле (там хватало 1.9 МБ на слот).
# `storage` — кэш каталога: ~110 байт на позицию, мегабайта хватит с запасом,
# а отдельная партиция переживает OTA, в отличие от места внутри слота.
nvs,      data, nvs,     0x9000,   0x5000,
otadata,  data, ota,     0xe000,   0x2000,
ota_0,    app,  ota_0,   0x10000,  0x400000,
ota_1,    app,  ota_1,   0x410000, 0x400000,
storage,  data, spiffs,  0x810000, 0x100000,
